White Herb,junk
Mental Herb,junk
Power Herb,junk
Absorb Bulb,junk
Luminous Moss,junk
Mirror Herb,junk
Psychic Seed,junk
Misty Seed,junk
Grassy Seed,junk
Electric Seed,junk
Cell Battery,junk
Eject Button,junk
Air Balloon,junk
Iron Ball,junk
Ring Target,junk
Red Card,junk
Snowball,junk
Weakness Policy,junk
Adrenaline Orb,junk
Blunder Policy,junk
Eject Pack,junk
Room Service,junk
Throat Spray,junk
Ability Capsule,junk
Focus Sash,junk
Everstone,junk
Destiny Knot,junk
Grip Claw,junk
Sticky Barb,junk
Shed Shell,junk
Poke Ball,junk
Great Ball,junk
Ultra Ball,junk
Net Ball,junk
Dive Ball,junk
Nest Ball,junk
Repeat Ball,junk
Timer Ball,junk
Luxury Ball,junk
Premier Ball,junk
Dusk Ball,junk
Heal Ball,junk
Quick Ball,junk
Cherish Ball,junk
Fast ball,junk
Level Ball,junk
Lure Ball,junk
Heavy Ball,junk
Love Ball,junk
Friend Ball,junk
Moon Ball,junk
Tiny Mushroom,junk
Big Mushroom,junk
Pearl,junk
Big Pearl,junk
Stardust,junk
Star Piece,junk
Nugget,junk
Rare Bone,junk
Balm Mushroom,junk
Big Nugget,junk
Comet Shard,junk
Pearl String,junk
Pretty Feather,junk
Energy Powder,junk
Energy Root,junk
Heal Powder,junk
Lava Cookie,junk
Sacred Ash,junk
Berry Juice,junk
Lagging Tail,junk
Binding Band,junk
Float Stone,junk
Health Feather,junk
Muscle Feather,junk
Resist Feather,junk
Genius Feather,junk
Clever Feather,junk
Swift Feather,junk
Old Gateau,junk
Poke Doll,junk
Fluffy tail,junk
Odd Incense,junk
Rock Incense,junk
Full Incense,junk
Lax Incense,junk
Sea Incense,junk
Wave Incense,junk
Rose Incense,junk
Luck Incense,junk
Pure Incense,junk
Max Repel,common
Escape Rope,common
Full Restore,common
Ether,common
Max Ether,common
Elixir,common
Max Elixir,common
Full Heal,common
Hyper Potion,common
Super Potion,common
Burn Heal,common
Antidote,common
Ice Heal,common
Awakening,common
Paralyze Heal,common
MooMoo Milk,common
Fresh Water,common
Soda Pop,common
Lemonade,common
Brightpowder,uncommon
Quick Claw,uncommon
Kings Rock,uncommon
Amulet Coin,uncommon
Cleanse Tag,uncommon
Smoke Ball,uncommon
Focus Band,uncommon
Shell Bell,uncommon
Lucky Punch,uncommon
Metronome,uncommon
Icy Rock,uncommon
Smooth Rock,uncommon
Heat Rock,uncommon
Damp Rock,uncommon
Flame Plate,uncommon
Splash Plate,uncommon
Zap Plate,uncommon
Meadow Plate,uncommon
Icicle Plate,uncommon
Fist Plate,uncommon
Toxic Plate,uncommon
earth Plate,uncommon
Sky Plate,uncommon
Mind Plate,uncommon
Insect Plate,uncommon
Stone Plate,uncommon
Spooky Plate,uncommon
Draco Plate,uncommon
Dread Plate,uncommon
Iron Plate,uncommon
Pixie Plate,uncommon
Metal Coat,uncommon
Silk Scarf,uncommon
Black Belt,uncommon
Sharp Beak,uncommon
Poison Barb,uncommon
Soft Sand,uncommon
Hard Stone,uncommon
Silver Powder,uncommon
Spell Tag,uncommon
Fairy Feather,uncommon
Charcoal,uncommon
Mystic Water,uncommon
Miracle Seed,uncommon
Magnet,uncommon
Twisted Spoon,uncommon
Never Melt Ice,uncommon
Dragon Fang,uncommon
Black Glasses,uncommon
Oval Stone,uncommon
Sun Stone,uncommon
Moon Stone,uncommon
Fire Stone,uncommon
Thunder Stone,uncommon
Water Stone,uncommon
Leaf Stone,uncommon
Shiny Stone,uncommon
Dusk Stone,uncommon
Dawn Stone,uncommon
Ice Stone,uncommon
Linking Cord,uncommon
21,uncommon
18,uncommon
3,uncommon
43,uncommon
23,uncommon
72,uncommon
96,uncommon
173,uncommon
2,uncommon
37,uncommon
39,uncommon
134,uncommon
229,uncommon
24,uncommon
38,uncommon
27,uncommon
14,uncommon
113,uncommon
17,uncommon
42,uncommon
224,uncommon
20,uncommon
35,uncommon
5,uncommon
176,uncommon
34,uncommon
46,uncommon
174,uncommon
1,uncommon
6,uncommon
25,uncommon
172,uncommon
26,uncommon
13,uncommon
4,uncommon
41,uncommon
98,uncommon
109,uncommon
179,uncommon
223,uncommon
225,uncommon
11,uncommon
208,uncommon
182,Rare
219,Rare
87,Rare
181,Rare
78,Rare
222,Rare
48,Rare
82,Rare
166,Rare
211,Rare
201,Rare
184,Rare
107,Rare
141,Rare
144,Rare
153,Rare
165,Rare
195,Rare
207,Rare
97,Rare
164,Rare
216,Rare
81,Rare
146,Rare
155,Rare
168,Rare
190,Rare
194,Rare
84,Rare
55,Rare
90,Rare
187,Rare
212,Rare
177,Rare
122,Rare
152,Rare
163,Rare
183,Rare
193,Rare
204,Rare
205,Rare
91,Rare
54,Rare
74,Rare
75,Rare
128,Rare
161,Rare
218,Rare
220,Rare
170,Rare
142,Rare
145,Rare
154,Rare
188,Rare
196,Rare
Scope Lens,Rare
Wide Lens,Rare
Muscle Band,Rare
Wise Glasses,Rare
Expert Belt,Rare
Light Clay,Rare
Toxic Orb,Rare
Flame Orb,Rare
Zoom Lens,Rare
Black Sludge,Rare
Big Root,Rare
Rocky Helmet,Rare
Safety Goggles,Rare
Protective Pads,Rare
Terrain Extender,Rare
Heavy Duty Boots,Rare
Utility Umbrella,Rare
Ability Shield,Rare
Clear Amulet,Rare
Covert Cloak,Rare
Loaded Dice,Rare
Punching Glove,Rare
Ability Capsule,Rare
PP Up,Rare
Bottle Cap,Rare
Deep Sea Tooth,Rare
Deep Sea Scale,Rare
Up Grade,Rare
Prism Scale,Rare
Sachet,Rare
Whipped Dream,Rare
Strawberry Sweet,Rare
Chipped Pot,Rare
Cracked Pot,Rare
Galarica Cuff,Rare
Galarica Wreath,Rare
Sweet Apple,Rare
Tart Apple,Rare
Auspicious Armor,Rare
Malicious Armor,Rare
Syrupy Apple,Rare
Unremarkable Teacup,Rare
Masterpiece Teacup,Rare
Lonely Mint,Rare
Brave Mint,Rare
Naughty Mint,Rare
Relaxed Mint,Rare
Lax Mint,Rare
Hasty Mint,Rare
Naive Mint,Rare
Mild Mint,Rare
Quiet Mint,Rare
Rash Mint,Rare
Gentle Mint,Rare
Sassy Mint,Rare
Serious Mint,Rare
105,Master
60,Master
95,Master
131,Master
94,Master
108,Master
140,Master
62,Master
100,Master
156,Master
169,Master
126,Master
210,Master
127,Master
227,Master
73,Master
158,Master
64,Master
89,Master
167,Master
189,Master
125,Master
157,Master
65,Master
114,Master
198,Master
71,Master
111,Master
159,Master
206,Master
149,Master
133,Master
186,Master
135,Master
124,Master
117,Master
88,Master
103,Master
132,Master
191,Master
202,Master
83,Master
175,Master
214,Master
120,Master
129,Master
63,Master
86,Master
101,Master
116,Master
93,Master
99,Master
104,Master
123,Master
110,Master
Choice Band,Master
Leftovers,Master
Life Orb,Master
Choice Scarf,Master
Choice Specs,Master
Eviolite,Master
Assault Vest,Master
Master Ball,Master
PP Max,Master
Ability Patch,Master
Heart Scale,Master
Gold Bottle Cap,Master
Timid Mint,Master
Jolly Mint,Master
Adamant Mint,Master
Modest Mint,Master
Bold Mint,Master
Impish Mint,Master
Calm Mint,Master
Careful Mint,Master
Dragon Scale,Master
Protector,Master
Electirizer,Master
Magmarizer,Master
Dubious Disc,Master
Reaper Cloth,Master
Razor Claw,Master
Razor Fang,Master
Black Augurite,Master
Peat Block,Master
Metal Alloy,Master